soopdood,355b00f1-acdd-4ff7-9470-561bdf91dee2
taithefly,c7fbdee9-3e68-4acc-b48e-13f2d87c9d1c
bradport1,062ba881-6d94-47de-a3eb-7925cc641061
jester674,95c31b27-57e8-426a-928f-4cc11eb69ba7
schmocks_1,51ffb99d-f04a-4b55-9da5-ae3858035dd1
phthnack,c13ebfe4-7121-4df2-bc40-204d36e0e5b5
blaze1506,4adbda52-d62f-4d0a-ba95-f116aff7f858
natmannotbatman,ef140009-e5d8-4d7d-b4fe-f3ed6468da49
enviro_bro,7b3dad56-3709-47cf-95a5-8b36ea115476
noahthesaint,ed09afc6-5aec-422c-a8fb-3c2f9859ebab
acarthae,9b6dc95f-54fc-4d94-a7ea-c9239baf52c7
bunningssanga,74ef2725-3cf4-4995-a3f1-f57007e9348c
mkwolfy10,61a65e5a-9a30-4a2f-860e-115b910baa71
alexschmocks,b677a5e3-da45-4684-9a08-14605ceb5209
mit_bro,3c2a4a72-0dc7-4950-8e59-a541d12e6424
the_polecat,7f38bcf4-cc6c-45e1-bd25-77391ae5d416
____pain,de8fd5e4-ba3e-46e9-9bae-bc6ca56ceeeb
lachys_pizza,74093342-d56c-426e-82bb-8a0ed9d1aa6f
sherrry,c7c1d39d-59a5-4da7-8b41-2f813c4b6138
